Name,Position,Age,Team_from,League_from,Team_to,League_to,Season,Market_value,Transfer_fee
Kylian MbappÃ©,Right Winger,19,Monaco,Ligue 1,Paris SG,Ligue 1,2018-2019,120000000,135000000
Cristiano Ronaldo,Centre-Forward,33,Real Madrid,LaLiga,Juventus,Serie A,2018-2019,100000000,117000000
Thomas Lemar,Left Winger,22,Monaco,Ligue 1,AtlÃ©tico Madrid,LaLiga,2018-2019,65000000,70000000
Riyad Mahrez,Right Winger,27,Leicester,Premier League,Man City,Premier League,2018-2019,50000000,67800000
Alisson,Goalkeeper,25,AS Roma,Serie A,Liverpool,Premier League,2018-2019,60000000,62500000
Naby KeÃ¯ta,Central Midfield,23,RB Leipzig,1.Bundesliga,Liverpool,Premier League,2018-2019,65000000,60000000
Fred,Central Midfield,25,Shakhtar D.,Premier Liga,Man Utd,Premier League,2018-2019,32000000,59000000
Jorginho,Defensive Midfield,26,SSC Napoli,Serie A,Chelsea,Premier League,2018-2019,50000000,57000000
Fabinho,Defensive Midfield,24,Monaco,Ligue 1,Liverpool,Premier League,2018-2019,45000000,45000000
VinÃ­cius JÃºnior,Left Winger,18,Flamengo,SÃ©rie A,Real Madrid,LaLiga,2018-2019,35000000,45000000
Malcom,Right Winger,21,G. Bordeaux,Ligue 1,FC Barcelona,LaLiga,2018-2019,45000000,41000000
JoÃ£o Cancelo,Right-Back,24,Valencia CF,LaLiga,Juventus,Serie A,2018-2019,35000000,40400000
Douglas Costa,Right Winger,27,Bayern Munich ,1.Bundesliga,Juventus,Serie A,2018-2019,55000000,40000000
Richarlison,Left Winger,21,Watford,Premier League,Everton,Premier League,2018-2019,25000000,39200000
Radja Nainggolan,Central Midfield,30,AS Roma,Serie A,Inter,Serie A,2018-2019,45000000,38000000
Felipe Anderson,Right Winger,25,Lazio,Serie A,West Ham,Premier League,2018-2019,30000000,38000000
ClÃ©ment Lenglet,Centre-Back,23,Sevilla FC,LaLiga,FC Barcelona,LaLiga,2018-2019,25000000,35900000
Arthur,Central Midfield,21,GrÃªmio,SÃ©rie A,FC Barcelona,LaLiga,2018-2019,30000000,31000000
Jean MichaÃ«l Seri,Central Midfield,27,OGC Nice,Ligue 1,Fulham,Premier League,2018-2019,30000000,30000000
Lucas Torreira,Defensive Midfield,22,Sampdoria,Serie A,Arsenal,Premier League,2018-2019,30000000,30000000
Aleksandr Golovin,Central Midfield,22,CSKA Moscow,Premier Liga,Monaco,Ligue 1,2018-2019,25000000,30000000
Ãlvaro Odriozola,Right-Back,22,Real Sociedad,LaLiga,Real Madrid,LaLiga,2018-2019,25000000,30000000
FabiÃ¡n Ruiz,Central Midfield,22,Real Betis,LaLiga,SSC Napoli,Serie A,2018-2019,20000000,30000000
Anthony Modeste,Centre-Forward,30,1. FC KÃ¶ln,2.Bundesliga,TJ Quanjian,Super League,2018-2019,16000000,29000000
Abdou Diallo,Centre-Back,22,1.FSV Mainz 05,1.Bundesliga,Bor. Dortmund,1.Bundesliga,2018-2019,12000000,28000000
Geoffrey Kondogbia,Central Midfield,25,Inter,Serie A,Valencia CF,LaLiga,2018-2019,30000000,25000000
Simone Verdi,Right Winger,25,Bologna,Serie A,SSC Napoli,Serie A,2018-2019,25000000,25000000
Issa Diop,Centre-Back,21,Toulouse,Ligue 1,West Ham,Premier League,2018-2019,22000000,25000000
Bernd Leno,Goalkeeper,26,Bay. Leverkusen,1.Bundesliga,Arsenal,Premier League,2018-2019,20000000,25000000
Jannik Vestergaard,Centre-Back,25,Bor. M'gladbach,1.Bundesliga,Southampton,Premier League,2018-2019,14000000,25000000
James Maddison,Attacking Midfield,21,Norwich,Championship,Leicester,Premier League,2018-2019,10000000,25000000
Javier Pastore,Attacking Midfield,29,Paris SG,Ligue 1,AS Roma,Serie A,2018-2019,15000000,24700000
Yuri Berchiche,Left-Back,28,Paris SG,Ligue 1,Athletic Bilbao,LaLiga,2018-2019,17000000,24000000
Alassane PlÃ©a,Centre-Forward,25,OGC Nice,Ligue 1,Bor. M'gladbach,1.Bundesliga,2018-2019,18000000,23000000
Ricardo Pereira,Right-Back,24,FC Porto,Liga NOS,Leicester,Premier League,2018-2019,20000000,22000000
Diogo Dalot,Right-Back,19,FC Porto,Liga NOS,Man Utd,Premier League,2018-2019,15000000,22000000
Alex Meret,Goalkeeper,21,Udinese Calcio,Serie A,SSC Napoli,Serie A,2018-2019,12000000,22000000
Lucas Digne,Left-Back,25,FC Barcelona,LaLiga,Everton,Premier League,2018-2019,15000000,20200000
Aleksandar Mitrovic,Centre-Forward,23,Newcastle,Premier League,Fulham,Premier League,2018-2019,15000000,20200000
William Carvalho,Defensive Midfield,26,Sporting CP,Liga NOS,Real Betis,LaLiga,2018-2019,25000000,20000000
Rodri,Defensive Midfield,22,Villarreal CF,LaLiga,AtlÃ©tico Madrid,LaLiga,2018-2019,25000000,20000000
Andriy Yarmolenko,Right Winger,28,Bor. Dortmund,1.Bundesliga,West Ham,Premier League,2018-2019,23000000,20000000
Gerard Moreno,Centre-Forward,26,Espanyol,LaLiga,Villarreal CF,LaLiga,2018-2019,20000000,20000000
Nikola Kalinic,Centre-Forward,30,Fiorentina,Serie A,AC Milan,Serie A,2018-2019,14000000,20000000
Thomas Delaney,Central Midfield,26,Werder Bremen,1.Bundesliga,Bor. Dortmund,1.Bundesliga,2018-2019,12000000,20000000
Rolando Mandragora,Central Midfield,21,Juventus,Serie A,Udinese Calcio,Serie A,2018-2019,10000000,20000000
Terence Kongolo,Centre-Back,24,Monaco,Ligue 1,Huddersfield,Premier League,2018-2019,10000000,20000000
Willem Geubbels,Left Winger,16,Olympique Lyon,Ligue 1,Monaco,Ligue 1,2018-2019,6000000,20000000
Alireza Jahanbakhsh,Right Winger,24,AZ Alkmaar,Eredivisie,Brighton,Premier League,2018-2019,18000000,19000000
Duje Caleta-Car,Centre-Back,21,RB Salzburg,Bundesliga,Marseille,Ligue 1,2018-2019,10000000,19000000
Paulinho,Left Winger,18,Vasco da Gama,SÃ©rie A,Bay. Leverkusen,1.Bundesliga,2018-2019,25000000,18500000
Karl Toko Ekambi,Centre-Forward,25,SCO Angers,Ligue 1,Villarreal CF,LaLiga,2018-2019,18000000,18000000
Mohamed Elyounoussi,Left Winger,23,FC Basel,Super League,Southampton,Premier League,2018-2019,8500000,18000000
Justin Kluivert,Left Winger,19,AFC Ajax,Eredivisie,AS Roma,Serie A,2018-2019,15000000,17250000
DuvÃ¡n Zapata,Centre-Forward,27,SSC Napoli,Serie A,Sampdoria,Serie A,2018-2019,20000000,17000000
Yves Bissouma,Central Midfield,21,LOSC Lille,Ligue 1,Brighton,Premier League,2018-2019,8000000,16900000
Lautaro MartÃ­nez,Centre-Forward,20,Racing Club,Primera DivisiÃ³n,Inter,Serie A,2018-2019,25000000,16000000
Sokratis,Centre-Back,30,Bor. Dortmund,1.Bundesliga,Arsenal,Premier League,2018-2019,20000000,16000000
Daley Blind,Left-Back,28,Man Utd,Premier League,AFC Ajax,Eredivisie,2018-2019,18000000,16000000
Nordi Mukiele,Right-Back,20,Montpellier,Ligue 1,RB Leipzig,1.Bundesliga,2018-2019,14000000,16000000
Joris Gnagnon,Centre-Back,21,Stade Rennais,Ligue 1,Sevilla FC,LaLiga,2018-2019,15000000,15000000
JoaquÃ­n Correa,Left Winger,23,Sevilla FC,LaLiga,Lazio,Serie A,2018-2019,10000000,15000000
GrÃ©goire Defrel,Centre-Forward,27,Sassuolo,Serie A,AS Roma,Serie A,2018-2019,10000000,15000000
Mouctar Diakhaby,Centre-Back,21,Olympique Lyon,Ligue 1,Valencia CF,LaLiga,2018-2019,10000000,15000000
Ibrahim Amadou,Defensive Midfield,25,LOSC Lille,Ligue 1,Sevilla FC,LaLiga,2018-2019,3500000,15000000
JoÃ£o Carvalho,Attacking Midfield,21,Benfica,Liga NOS,Nottm Forest,Championship,2018-2019,2500000,15000000
Matheus Cunha,Centre-Forward,19,FC Sion,Super League,RB Leipzig,1.Bundesliga,2018-2019,1500000,15000000
Roger MartÃ­nez,Centre-Forward,24,JS Suning,Super League,Villarreal CF,LaLiga,2018-2019,2500000,14900000
Xherdan Shaqiri,Right Winger,26,Stoke City,Championship,Liverpool,Premier League,2018-2019,18000000,14700000
Rodolfo Pizarro,Attacking Midfield,24,Chivas,Liga MX Apertura,Monterrey,Liga MX Apertura,2018-2019,5500000,14500000
Diogo Jota,Left Winger,21,AtlÃ©tico Madrid,LaLiga,Wolves,Premier League,2018-2019,12000000,14000000
Daniel Ginczek,Centre-Forward,27,VfB Stuttgart,1.Bundesliga,VfL Wolfsburg,1.Bundesliga,2018-2019,3500000,14000000
Jean-Eudes Aholou,Defensive Midfield,24,R. Strasbourg,Ligue 1,Monaco,Ligue 1,2018-2019,3000000,14000000
Danny Ward,Goalkeeper,25,Liverpool,Premier League,Leicester,Premier League,2018-2019,2500000,14000000
Davy Klaassen,Attacking Midfield,25,Everton,Premier League,Werder Bremen,1.Bundesliga,2018-2019,15000000,13500000
Benik Afobe,Centre-Forward,25,Wolves,Premier League,Stoke City,Championship,2018-2019,10000000,13500000
Gerard Deulofeu,Right Winger,24,FC Barcelona,LaLiga,Watford,Premier League,2018-2019,14000000,13000000
Mattia Perin,Goalkeeper,25,Genoa,Serie A,Juventus,Serie A,2018-2019,16000000,12000000
Mitchell Weiser,Right-Back,24,Hertha BSC,1.Bundesliga,Bay. Leverkusen,1.Bundesliga,2018-2019,12000000,12000000
M'Baye Niang,Centre-Forward,23,AC Milan,Serie A,Torino,Serie A,2018-2019,10000000,12000000
Mikel Merino,Defensive Midfield,22,Newcastle,Premier League,Real Sociedad,LaLiga,2018-2019,10000000,12000000
Willy Boly,Centre-Back,27,FC Porto,Liga NOS,Wolves,Premier League,2018-2019,5000000,12000000
Marcelo Saracchi,Left-Back,20,River Plate,Primera DivisiÃ³n,RB Leipzig,1.Bundesliga,2018-2019,4500000,12000000
Diego Rico,Left-Back,25,CD LeganÃ©s,LaLiga,Bournemouth,Premier League,2018-2019,2500000,12000000
Dusan Tadic,Attacking Midfield,29,Southampton,Premier League,AFC Ajax,Eredivisie,2018-2019,15000000,11400000
Benik Afobe,Centre-Forward,25,Bournemouth,Premier League,Wolves,Premier League,2018-2019,10000000,11400000
Josh Murphy,Left Winger,23,Norwich,Championship,Cardiff,Premier League,2018-2019,1500000,11400000
Bobby Reid,Attacking Midfield,25,Bristol City,Championship,Cardiff,Premier League,2018-2019,3000000,11350000
David Brooks,Attacking Midfield,20,Sheffield Utd.,Championship,Bournemouth,Premier League,2018-2019,5000000,11300000
Angus Gunn,Goalkeeper,22,Man City,Premier League,Southampton,Premier League,2018-2019,2000000,11300000
Tom Ince,Right Winger,26,Huddersfield,Premier League,Stoke City,Championship,2018-2019,8000000,11200000
Santiago Arias,Right-Back,26,PSV Eindhoven,Eredivisie,AtlÃ©tico Madrid,LaLiga,2018-2019,18000000,11000000
Suat Serdar,Central Midfield,21,1.FSV Mainz 05,1.Bundesliga,FC Schalke 04,1.Bundesliga,2018-2019,7500000,11000000
Gianluca Lapadula,Centre-Forward,28,AC Milan,Serie A,Genoa,Serie A,2018-2019,7000000,11000000
Wout Weghorst,Centre-Forward,25,AZ Alkmaar,Eredivisie,VfL Wolfsburg,1.Bundesliga,2018-2019,7000000,10500000
Odsonne Edouard,Centre-Forward,20,Paris SG,Ligue 1,Celtic,Premiership,2018-2019,1500000,10300000
Djaniny,Centre-Forward,27,Santos Laguna,Liga MX Apertura,Ahli,Professional League,2018-2019,5000000,10240000
Jordan Amavi,Left-Back,24,Aston Villa,Championship,Marseille,Ligue 1,2018-2019,16000000,10000000
Francesco Acerbi,Centre-Back,30,Sassuolo,Serie A,Lazio,Serie A,2018-2019,10000000,10000000
Leonardo Pavoletti,Centre-Forward,29,SSC Napoli,Serie A,Cagliari Calcio,Serie A,2018-2019,9000000,10000000
Vitinho,Second Striker,24,CSKA Moscow,Premier Liga,Flamengo,SÃ©rie A,2018-2019,8000000,10000000
Soualiho MeÃ¯tÃ©,Defensive Midfield,24,Monaco,Ligue 1,Torino,Serie A,2018-2019,8000000,10000000
Omar Mascarell,Defensive Midfield,25,Real Madrid,LaLiga,FC Schalke 04,1.Bundesliga,2018-2019,8000000,10000000
Danilo,Defensive Midfield,22,Braga,Liga NOS,OGC Nice,Ligue 1,2018-2019,7000000,10000000
Santiago CÃ¡seres,Defensive Midfield,21,VÃ©lez Sarsfield,Primera DivisiÃ³n,Villarreal CF,LaLiga,2018-2019,6000000,10000000
Bernardo,Left-Back,23,RB Leipzig,1.Bundesliga,Brighton,Premier League,2018-2019,6000000,10000000
Adama Diakhaby,Centre-Forward,22,Monaco,Ligue 1,Huddersfield,Premier League,2018-2019,5000000,10000000
PelÃ©,Defensive Midfield,26,Rio Ave FC,Liga NOS,Monaco,Ligue 1,2018-2019,4000000,10000000
Diego Falcinelli,Centre-Forward,27,Sassuolo,Serie A,Bologna,Serie A,2018-2019,3800000,10000000
Antonio Barreca,Left-Back,23,Torino,Serie A,Monaco,Ligue 1,2018-2019,3500000,10000000
Federico Di Francesco,Right Winger,24,Bologna,Serie A,Sassuolo,Serie A,2018-2019,3500000,10000000
Borja Iglesias,Centre-Forward,25,Celta de Vigo,LaLiga,Espanyol,LaLiga,2018-2019,1000000,10000000
Alphonso Davies,Left Winger,18,Vancouver, Canada,Bayern Munich ,1.Bundesliga,2018-2019,800000,10000000
Davide Santon,Left-Back,27,Inter,Serie A,AS Roma,Serie A,2018-2019,3000000,9500000
Patrik Schick,Centre-Forward,22,Sampdoria,Serie A,AS Roma,Serie A,2018-2019,20000000,9000000
GermÃ¡n Pezzella,Centre-Back,27,Real Betis,LaLiga,Fiorentina,Serie A,2018-2019,13000000,9000000
Ramiro Funes Mori,Centre-Back,27,Everton,Premier League,Villarreal CF,LaLiga,2018-2019,10000000,9000000
Pablo Maffeo,Right-Back,20,Man City,Premier League,VfB Stuttgart,1.Bundesliga,2018-2019,10000000,9000000
Riccardo Saponara,Attacking Midfield,26,FC Empoli,Serie A,Fiorentina,Serie A,2018-2019,9000000,9000000
Khouma Babacar,Centre-Forward,25,Fiorentina,Serie A,Sassuolo,Serie A,2018-2019,8000000,9000000
Lukasz Skorupski,Goalkeeper,27,AS Roma,Serie A,Bologna,Serie A,2018-2019,7000000,9000000
Jordan Siebatcheu,Centre-Forward,22,Reims,Ligue 1,Stade Rennais,Ligue 1,2018-2019,2500000,9000000
Antonino La Gumina,Centre-Forward,22,US Palermo,Serie B,FC Empoli,Serie A,2018-2019,2000000,9000000
Guido Pizarro,Defensive Midfield,28,Sevilla FC,LaLiga,Tigres UANL,Liga MX Apertura,2018-2019,7500000,8700000
Keno,Left Winger,28,Palmeiras,SÃ©rie A,Pyramids FC,Premier League,2018-2019,3500000,8600000
Alban Lafont,Goalkeeper,19,Toulouse,Ligue 1,Fiorentina,Serie A,2018-2019,18000000,8500000
NicÃ³las GonzÃ¡lez,Centre-Forward,20,Argentinos,Primera DivisiÃ³n,VfB Stuttgart,1.Bundesliga,2018-2019,5000000,8500000
Andriy Lunin,Goalkeeper,19,Zorya Lugansk,Premier Liga,Real Madrid,LaLiga,2018-2019,3500000,8500000
Nordin Amrabat,Left Winger,31,Watford,Premier League,Nasr,Professional League,2018-2019,3000000,8500000
Roger MartÃ­nez,Centre-Forward,24,Villarreal CF,LaLiga,AmÃ©rica,Liga MX Apertura,2018-2019,2500000,8500000
Robin Olsen,Goalkeeper,28,FC Copenhagen,Superligaen,AS Roma,Serie A,2018-2019,2500000,8500000
Hassane BandÃ©,Left Winger,19,KV Mechelen,Proximus League,AFC Ajax,Eredivisie,2018-2019,7500000,8250000
Tanguy NdombÃ©lÃ©,Central Midfield,21,SC Amiens,Ligue 1,Olympique Lyon,Ligue 1,2018-2019,25000000,8000000
Sergi Darder,Central Midfield,24,Olympique Lyon,Ligue 1,Espanyol,LaLiga,2018-2019,11000000,8000000
Kasim Adams,Centre-Back,23,BSC Young Boys,Super League,TSG Hoffenheim,1.Bundesliga,2018-2019,8500000,8000000
Armando Izzo,Centre-Back,26,Genoa,Serie A,Torino,Serie A,2018-2019,8500000,8000000
Cristiano Piccini,Right-Back,25,Sporting CP,Liga NOS,Valencia CF,LaLiga,2018-2019,7500000,8000000
Ignacio Pussetto,Right Winger,22,HuracÃ¡n,Primera DivisiÃ³n,Udinese Calcio,Serie A,2018-2019,7000000,8000000
Chancel Mbemba,Centre-Back,23,Newcastle,Premier League,FC Porto,Liga NOS,2018-2019,6000000,8000000
Samuel Gigot,Centre-Back,24,KAA Gent,Jupiler Pro League,Spartak Moscow,Premier Liga,2018-2019,6000000,8000000
Lukasz Fabianski,Goalkeeper,33,Swansea,Championship,West Ham,Premier League,2018-2019,5000000,8000000
Aden Flint,Centre-Back,28,Bristol City,Championship,Middlesbrough,Championship,2018-2019,5000000,8000000
Christian Cueva,Attacking Midfield,26,SÃ£o Paulo,SÃ©rie A,Krasnodar,Premier Liga,2018-2019,3000000,8000000
MattÃ©o Guendouzi,Central Midfield,19,FC Lorient,Ligue 2,Arsenal,Premier League,2018-2019,2500000,8000000
Jean-Philippe Mateta,Centre-Forward,21,Olympique Lyon,Ligue 1,1.FSV Mainz 05,1.Bundesliga,2018-2019,2500000,8000000
Fran BeltrÃ¡n,Central Midfield,19,Rayo Vallecano,LaLiga,Celta de Vigo,LaLiga,2018-2019,2000000,8000000
Stuart Armstrong,Central Midfield,26,Celtic,Premiership,Southampton,Premier League,2018-2019,2000000,7950000
Patrick Bamford,Centre-Forward,24,Middlesbrough,Championship,Leeds,Championship,2018-2019,4000000,7900000
Omar Colley,Centre-Back,25,KRC Genk,Jupiler Pro League,Sampdoria,Serie A,2018-2019,5000000,7750000
Valon Berisha,Left Midfield,25,RB Salzburg,Bundesliga,Lazio,Serie A,2018-2019,10000000,7500000
Andrea Favilli,Centre-Forward,21,Ascoli,Serie B,Juventus,Serie A,2018-2019,4000000,7500000
Pierre Kunde,Central Midfield,22,AtlÃ©tico Madrid,LaLiga,1.FSV Mainz 05,1.Bundesliga,2018-2019,2000000,7500000
Federico Valietti,Right-Back,19,Inter,Serie A,Genoa,Serie A,2018-2019,500000,7500000
Sam Johnstone,Goalkeeper,25,Man Utd,Premier League,West Brom,Championship,2018-2019,2500000,7350000
Oghenekaro Etebo,Central Midfield,22,Feirense,Liga NOS,Stoke City,Championship,2018-2019,1500000,7200000
Salif SanÃ©,Centre-Back,27,Hannover 96,1.Bundesliga,FC Schalke 04,1.Bundesliga,2018-2019,18000000,7000000
Jonny Castro,Left-Back,24,Celta de Vigo,LaLiga,AtlÃ©tico Madrid,LaLiga,2018-2019,12000000,7000000
Wahbi Khazri,Attacking Midfield,27,Sunderland,League One,Saint-Ã‰tienne,Ligue 1,2018-2019,10000000,7000000
Mikel Merino,Defensive Midfield,22,Bor. Dortmund,1.Bundesliga,Newcastle,Premier League,2018-2019,10000000,7000000
Marcel Tisserand,Centre-Back,25,FC Ingolstadt,2.Bundesliga,VfL Wolfsburg,1.Bundesliga,2018-2019,7500000,7000000
Tomas Vaclik,Goalkeeper,29,FC Basel,Super League,Sevilla FC,LaLiga,2018-2019,4000000,7000000
NÃ©stor Araujo,Centre-Back,26,Santos Laguna,Liga MX Apertura,Celta de Vigo,LaLiga,2018-2019,2800000,7000000
Federico Dimarco,Left-Back,20,FC Sion,Super League,Inter,Serie A,2018-2019,2000000,7000000
Davide Bettella,Centre-Back,18,Inter,Serie A,Atalanta,Serie A,2018-2019,NA,7000000
NicolÃ¡s Castillo,Centre-Forward,25,UNAM Pumas,Liga MX Apertura,Benfica,Liga NOS,2018-2019,4000000,6850000
Lewis Grabban,Centre-Forward,30,Bournemouth,Premier League,Nottm Forest,Championship,2018-2019,3000000,6800000
Maycon,Central Midfield,20,Corinthians,SÃ©rie A,Shakhtar D.,Premier Liga,2018-2019,5000000,6600000
Valentino Lazaro,Right Winger,22,RB Salzburg,Bundesliga,Hertha BSC,1.Bundesliga,2018-2019,9000000,6500000
Lucas Castro,Central Midfield,29,Chievo Verona,Serie A,Cagliari Calcio,Serie A,2018-2019,7000000,6500000
Ramadan Sobhi,Left Winger,21,Stoke City,Championship,Huddersfield,Premier League,2018-2019,7000000,6500000
Raphinha,Left Winger,21,Vit. GuimarÃ£es,Liga NOS,Sporting CP,Liga NOS,2018-2019,6500000,6500000
Riza Durmisi,Left-Back,24,Real Betis,LaLiga,Lazio,Serie A,2018-2019,5000000,6500000
Ronaldo Vieira,Central Midfield,20,Leeds,Championship,Sampdoria,Serie A,2018-2019,2000000,6500000
RaÃºl RuidÃ­az,Centre-Forward,27,Morelia,Liga MX Apertura,"Sounders FC	",MLS,2018-2019,5000000,6360000
Daniel Wass,Central Midfield,29,Celta de Vigo,LaLiga,Valencia CF,LaLiga,2018-2019,15000000,6000000
TomÃ¡s RincÃ³n,Defensive Midfield,30,Juventus,Serie A,Torino,Serie A,2018-2019,8000000,6000000
Ante Coric,Attacking Midfield,21,Dinamo Zagreb,1.HNL,AS Roma,Serie A,2018-2019,7500000,6000000
Okay Yokuslu,Defensive Midfield,24,Trabzonspor,SÃ¼per Lig,Celta de Vigo,LaLiga,2018-2019,7500000,6000000
Roque Mesa,Central Midfield,29,Swansea,Championship,Sevilla FC,LaLiga,2018-2019,7000000,6000000
Leonardo Bittencourt,Left Winger,24,1. FC KÃ¶ln,2.Bundesliga,TSG Hoffenheim,1.Bundesliga,2018-2019,6000000,6000000
Zakaria Labyad,Attacking Midfield,25,FC Utrecht,Eredivisie,AFC Ajax,Eredivisie,2018-2019,6000000,6000000
Florin Andone,Centre-Forward,25,Dep. La CoruÃ±a,LaLiga2,Brighton,Premier League,2018-2019,6000000,6000000
Moussa NiakhatÃ©,Centre-Back,22,FC Metz,Ligue 2,1.FSV Mainz 05,1.Bundesliga,2018-2019,5000000,6000000
Uros Spajic,Centre-Back,25,RSC Anderlecht,Jupiler Pro League,Krasnodar,Premier Liga,2018-2019,5000000,6000000
Walace,Defensive Midfield,23,Hamburger SV,2.Bundesliga,Hannover 96,1.Bundesliga,2018-2019,4500000,6000000
RonaÃ«l Pierre-Gabriel,Right-Back,20,Saint-Ã‰tienne,Ligue 1,Monaco,Ligue 1,2018-2019,4000000,6000000
Fabri,Goalkeeper,30,Besiktas,SÃ¼per Lig,Fulham,Premier League,2018-2019,4000000,6000000
Diego Rolan,Centre-Forward,25,G. Bordeaux,Ligue 1,Dep. La CoruÃ±a,LaLiga2,2018-2019,3500000,6000000
Majeed Waris,Centre-Forward,26,FC Lorient,Ligue 2,FC Porto,Liga NOS,2018-2019,2500000,6000000
Igor Coronado,Attacking Midfield,25,US Palermo,Serie B,Sharjah FC,UAE Gulf League,2018-2019,2400000,6000000
Federico Santander,Centre-Forward,27,FC Copenhagen,Superligaen,Bologna,Serie A,2018-2019,2000000,6000000
Borna Sosa,Left-Back,20,Dinamo Zagreb,1.HNL,VfB Stuttgart,1.Bundesliga,2018-2019,1750000,6000000
Ayoub El Kaabi,Centre-Forward,25,RS Berkane,Botola Pro,HB CFFC,Super League,2018-2019,1750000,6000000
William Bianda,Centre-Back,18,Lens,Ligue 2,AS Roma,Serie A,2018-2019,NA,6000000
Milton Caraglio,Centre-Forward,29,Atlas,Liga MX Apertura,CD Cruz Azul,Liga MX Apertura,2018-2019,2500000,5980000
ElÃ­as HernÃ¡ndez,Right Winger,30,LeÃ³n,Liga MX Apertura,CD Cruz Azul,Liga MX Apertura,2018-2019,3500000,5940000
Bremer,Centre-Back,21,AtlÃ©tico-MG,SÃ©rie A,Torino,Serie A,2018-2019,1000000,5800000
Ã‰der,Second Striker,31,Inter,Serie A,JS Suning,Super League,2018-2019,7000000,5700000
AndrÃ© Horta,Central Midfield,21,Benfica,Liga NOS,Los Angeles FC,MLS,2018-2019,6000000,5700000
Paddy McNair,Centre-Back,23,Sunderland,League One,Middlesbrough,Championship,2018-2019,3000000,5700000
JoÃ£o Moutinho,Central Midfield,31,Monaco,Ligue 1,Wolves,Premier League,2018-2019,10000000,5600000
James McClean,Left Winger,29,West Brom,Championship,Stoke City,Championship,2018-2019,3000000,5600000
Vincenzo Grifo,Left Winger,25,Bor. M'gladbach,1.Bundesliga,TSG Hoffenheim,1.Bundesliga,2018-2019,7500000,5500000
Fabio Borini,Left Winger,27,Sunderland,League One,AC Milan,Serie A,2018-2019,7000000,5500000
Ishak Belfodil,Second Striker,26,Standard LiÃ¨ge,Jupiler Pro League,TSG Hoffenheim,1.Bundesliga,2018-2019,5500000,5500000
Denzel Dumfries,Right-Back,22,Heerenveen,Eredivisie,PSV Eindhoven,Eredivisie,2018-2019,4000000,5500000
AngeliÃ±o,Left-Back,21,Man City,Premier League,PSV Eindhoven,Eredivisie,2018-2019,3000000,5500000
Fernando,Left Winger,19,Palmeiras,SÃ©rie A,Shakhtar D.,Premier Liga,2018-2019,NA,5500000
Carlos Eduardo,Right Winger,21,GoiÃ¡s EC,SÃ©rie B,Pyramids FC,Premier League,2018-2019,2500000,5200000
Carlos Izquierdoz,Centre-Back,29,Santos Laguna,Liga MX Apertura,Boca Juniors,Primera DivisiÃ³n,2018-2019,3000000,5150000
JesÃºs Gallardo,Left Winger,23,UNAM Pumas,Liga MX Apertura,Monterrey,Liga MX Apertura,2018-2019,3000000,5150000
Rodriguinho,Attacking Midfield,30,Corinthians,SÃ©rie A,Pyramids FC,Premier League,2018-2019,6000000,5100000
Yimmi CharÃ¡,Right Winger,27,Junior FC,Liga Ãguila II,AtlÃ©tico-MG,SÃ©rie A,2018-2019,2500000,5100000
Bryan Cristante,Central Midfield,23,Benfica,Liga NOS,Atalanta,Serie A,2018-2019,25000000,5000000
Marius Wolf,Right Midfield,23,E. Frankfurt,1.Bundesliga,Bor. Dortmund,1.Bundesliga,2018-2019,10000000,5000000
Benedikt HÃ¶wedes,Centre-Back,30,FC Schalke 04,1.Bundesliga,Loko Moscow,Premier Liga,2018-2019,9000000,5000000
Gonzalo Castro,Central Midfield,31,Bor. Dortmund,1.Bundesliga,VfB Stuttgart,1.Bundesliga,2018-2019,8000000,5000000
Sergi GÃ³mez,Centre-Back,26,Celta de Vigo,LaLiga,Sevilla FC,LaLiga,2018-2019,8000000,5000000
Adam Masina,Left-Back,24,Bologna,Serie A,Watford,Premier League,2018-2019,7000000,5000000
Christophe HÃ©relle,Centre-Back,25,Troyes,Ligue 2,OGC Nice,Ligue 1,2018-2019,6000000,5000000
Firmin Mubele,Centre-Forward,24,Stade Rennais,Ligue 1,Toulouse,Ligue 1,2018-2019,6000000,5000000
Florent Hadergjonaj,Right-Back,23,FC Ingolstadt,2.Bundesliga,Huddersfield,Premier League,2018-2019,5000000,5000000
Nemanja Maksimovic,Central Midfield,23,Valencia CF,LaLiga,Getafe CF,LaLiga,2018-2019,5000000,5000000
Juan Iturbe,Right Winger,25,AS Roma,Serie A,Club Tijuana,Liga MX Apertura,2018-2019,4000000,5000000
Sidcley,Left-Back,25,AtlÃ©tico-PR,SÃ©rie A,Dynamo Kyiv,Premier Liga,2018-2019,4000000,5000000
FabrÃ­cio,Centre-Forward,28,Portimonense,Liga NOS,Urawa Reds,J1 League,2018-2019,4000000,5000000
Johan Mojica,Left-Back,25,Rayo Vallecano,LaLiga,Girona FC,LaLiga,2018-2019,4000000,5000000
Petros,Central Midfield,29,SÃ£o Paulo,SÃ©rie A,Nasr,Professional League,2018-2019,3000000,5000000
Christian KouamÃ©,Centre-Forward,20,Cittadella,Serie B,Genoa,Serie A,2018-2019,2800000,5000000
Luca Waldschmidt,Centre-Forward,22,Hamburger SV,2.Bundesliga,SC Freiburg,1.Bundesliga,2018-2019,2500000,5000000
Marc Muniesa,Centre-Back,26,Stoke City,Championship,Girona FC,LaLiga,2018-2019,2500000,5000000
Pietro Iemmello,Centre-Forward,26,Sassuolo,Serie A,Benevento,Serie B,2018-2019,2000000,5000000
Felipe Vizeu,Centre-Forward,21,Flamengo,SÃ©rie A,Udinese Calcio,Serie A,2018-2019,1500000,5000000
Marco Tumminello,Centre-Forward,19,AS Roma,Serie A,Atalanta,Serie A,2018-2019,1000000,5000000
Jens Odgaard,Centre-Forward,19,Inter,Serie A,Sassuolo,Serie A,2018-2019,800000,5000000
Marco Carraro,Defensive Midfield,20,Inter,Serie A,Atalanta,Serie A,2018-2019,800000,5000000
Jonathan IkonÃ©,Attacking Midfield,20,Paris SG,Ligue 1,LOSC Lille,Ligue 1,2018-2019,700000,5000000
Giangiacomo Magnani,Centre-Back,22,Juventus,Serie A,Sassuolo,Serie A,2018-2019,600000,5000000
Giangiacomo Magnani,Centre-Back,22,Perugia,Serie B,Juventus,Serie A,2018-2019,600000,5000000
Evan N'Dicka,Centre-Back,18,AJ Auxerre,Ligue 2,E. Frankfurt,1.Bundesliga,2018-2019,400000,5000000
Jasmin Kurtic,Attacking Midfield,29,Atalanta,Serie A,SPAL,Serie A,2018-2019,5000000,4800000
TchÃª TchÃª,Central Midfield,25,Palmeiras,SÃ©rie A,Dynamo Kyiv,Premier Liga,2018-2019,3000000,4800000
Silvan Widmer,Right-Back,25,Udinese Calcio,Serie A,FC Basel,Super League,2018-2019,8500000,4500000
Yuya Osako,Second Striker,28,1. FC KÃ¶ln,2.Bundesliga,Werder Bremen,1.Bundesliga,2018-2019,4500000,4500000
Kyle Bartley,Centre-Back,27,Swansea,Championship,West Brom,Championship,2018-2019,3500000,4500000
